testDate,total_tested,confirmed_cases,deaths,tested_change,cases_change,deaths_change,tested_7_day_rolling_avg,cases_7_day_rolling_avg,deaths_7_day_rolling_avg,daily_total_tested,daily_confirmed_cases,daily_deaths
2020-03-10T00:00:00Z,0,20,0,0,20,0,0,3,0,NA,NA,NA
2020-03-11T00:00:00Z,0,25,0,0,5,0,0,4,0,0,5,0
2020-03-12T00:00:00Z,0,32,0,0,7,0,0,5,0,0,7,0
2020-03-13T00:00:00Z,0,46,0,0,14,0,0,7,0,0,14,0
2020-03-14T00:00:00Z,0,64,0,0,18,0,0,9,0,0,18,0
2020-03-15T00:00:00Z,0,93,0,0,29,0,0,13,0,0,29,0
2020-03-16T00:00:00Z,0,105,0,0,12,0,0,15,0,0,12,0
2020-03-17T00:00:00Z,0,160,1,0,55,1,0,20,0,0,55,1
2020-03-18T00:00:00Z,0,288,3,0,128,2,0,38,0,0,128,2
2020-03-19T00:00:00Z,0,422,4,0,134,1,0,56,1,0,134,1
2020-03-20T00:00:00Z,0,585,5,0,163,1,0,77,1,0,163,1
2020-03-21T00:00:00Z,0,753,6,0,168,1,0,98,1,0,168,1
2020-03-22T00:00:00Z,0,1046,9,0,293,3,0,136,1,0,293,3
2020-03-23T00:00:00Z,0,1283,12,0,237,3,0,168,2,0,237,3
2020-03-24T00:00:00Z,0,1535,16,0,252,4,0,196,2,0,252,4
2020-03-25T00:00:00Z,0,1865,19,0,330,3,0,225,2,0,330,3
2020-03-26T00:00:00Z,0,2538,26,0,673,7,0,302,3,0,673,7
2020-03-27T00:00:00Z,0,3026,34,0,488,8,0,349,4,0,488,8
2020-03-28T00:00:00Z,0,3491,47,0,465,13,0,391,6,0,465,13
2020-03-29T00:00:00Z,0,4596,65,0,1105,18,0,507,8,0,1105,18
2020-03-30T00:00:00Z,0,5056,72,0,460,7,0,539,9,0,460,7
2020-03-31T00:00:00Z,0,5994,99,0,938,27,0,637,12,0,938,27
2020-04-01T00:00:00Z,0,6980,141,0,986,42,0,731,17,0,986,42
2020-04-02T00:00:00Z,0,7695,157,0,715,16,0,737,19,0,715,16
2020-04-03T00:00:00Z,0,8904,210,0,1209,53,0,840,25,0,1209,53
2020-04-04T00:00:00Z,0,10357,243,0,1453,33,0,981,28,0,1453,33
2020-04-05T00:00:00Z,0,11256,274,0,899,31,0,951,30,0,899,31
2020-04-06T00:00:00Z,0,12262,307,0,1006,33,0,1029,34,0,1006,33
2020-04-07T00:00:00Z,0,13549,380,0,1287,73,0,1079,40,0,1287,73
2020-04-08T00:00:00Z,0,15078,462,0,1529,82,0,1157,46,0,1529,82
2020-04-09T00:00:00Z,0,16422,528,0,1344,66,0,1247,53,0,1344,66
2020-04-10T00:00:00Z,0,17887,596,0,1465,68,0,1283,55,0,1465,68
2020-04-11T00:00:00Z,0,19180,677,0,1293,81,0,1260,62,0,1293,81
2020-04-12T00:00:00Z,0,20852,720,0,1672,43,0,1371,64,0,1672,43
2020-04-13T00:00:00Z,0,22025,794,0,1173,74,0,1395,70,0,1173,74
2020-04-14T00:00:00Z,0,23247,868,0,1222,74,0,1385,70,0,1222,74
2020-04-15T00:00:00Z,0,24593,948,0,1346,80,0,1359,69,0,1346,80
2020-04-16T00:00:00Z,0,25733,1072,0,1140,124,0,1330,78,0,1140,124
2020-04-17T00:00:00Z,0,27575,1134,0,1842,62,0,1384,77,0,1842,62
2020-04-18T00:00:00Z,0,29160,1259,0,1585,125,0,1426,83,0,1585,125
2020-04-19T00:00:00Z,0,30357,1290,0,1197,31,0,1358,81,0,1197,31
2020-04-20T00:00:00Z,0,31508,1349,0,1151,59,0,1355,79,0,1151,59
2020-04-21T00:00:00Z,0,33059,1468,0,1551,119,0,1402,86,0,1551,119
2020-04-22T00:00:00Z,0,35108,1565,0,2049,97,0,1502,88,0,2049,97
2020-04-23T00:00:00Z,0,36934,1688,0,1826,123,0,1600,88,0,1826,123
2020-04-24T00:00:00Z,0,39658,1795,0,2724,107,0,1726,94,0,2724,107
2020-04-25T00:00:00Z,0,41777,1874,0,2119,79,0,1802,88,0,2119,79
2020-04-26T00:00:00Z,0,43903,1933,0,2126,59,0,1935,92,0,2126,59
2020-04-27T00:00:00Z,0,45883,1983,0,1980,50,0,2054,91,0,1980,50
2020-04-28T00:00:00Z,0,48102,2125,0,2219,142,0,2149,94,0,2219,142
2020-04-29T00:00:00Z,0,50355,2215,0,2253,90,0,2178,93,0,2253,90
2020-04-30T00:00:00Z,0,52918,2355,0,2563,140,0,2283,95,0,2563,140
2020-05-01T00:00:00Z,0,56055,2457,0,3137,102,0,2342,95,0,3137,102
2020-05-02T00:00:00Z,0,58505,2559,0,2450,102,0,2390,98,0,2450,102
2020-05-03T00:00:00Z,0,61499,2618,0,2994,59,0,2514,98,0,2994,59
2020-05-04T00:00:00Z,0,63840,2662,0,2341,44,0,2565,97,0,2341,44
2020-05-05T00:00:00Z,0,65962,2838,0,2122,176,0,2551,102,0,2122,176
2020-05-06T00:00:00Z,0,68232,2974,0,2270,136,0,2554,108,0,2270,136
2020-05-07T00:00:00Z,0,70873,3111,0,2641,137,0,2565,108,0,2641,137
2020-05-08T00:00:00Z,0,73760,3241,0,2887,130,0,2529,112,0,2887,130
2020-05-09T00:00:00Z,0,76085,3349,0,2325,108,0,2511,113,0,2325,108
2020-05-10T00:00:00Z,0,77741,3406,0,1656,57,0,2320,113,0,1656,57
2020-05-11T00:00:00Z,0,79007,3459,0,1266,53,0,2167,114,0,1266,53
2020-05-12T00:00:00Z,0,83021,3601,0,4014,142,0,2437,109,0,4014,142
2020-05-13T00:00:00Z,0,84698,3792,0,1677,191,0,2352,117,0,1677,191
2020-05-14T00:00:00Z,0,87937,3928,0,3239,136,0,2438,117,0,3239,136
2020-05-15T00:00:00Z,0,90369,4058,0,2432,130,0,2373,117,0,2432,130
2020-05-16T00:00:00Z,0,92457,4129,0,2088,71,0,2339,111,0,2088,71
2020-05-17T00:00:00Z,0,94191,4177,0,1734,48,0,2350,110,0,1734,48
2020-05-18T00:00:00Z,0,96485,4234,0,2294,57,0,2497,111,0,2294,57
2020-05-19T00:00:00Z,0,98030,4379,0,1545,145,0,2144,111,0,1545,145
2020-05-20T00:00:00Z,0,100418,4525,0,2388,146,0,2246,105,0,2388,146
2020-05-21T00:00:00Z,0,102686,4607,0,2268,82,0,2107,97,0,2268,82
2020-05-22T00:00:00Z,0,105444,4715,0,2758,108,0,2154,94,0,2758,108
2020-05-23T00:00:00Z,0,107796,4789,0,2352,74,0,2191,94,0,2352,74
2020-05-24T00:00:00Z,0,110304,4853,0,2508,64,0,2302,97,0,2508,64
2020-05-25T00:00:00Z,0,112017,4884,0,1713,31,0,2219,93,0,1713,31
2020-05-26T00:00:00Z,0,113195,4923,0,1178,39,0,2166,78,0,1178,39
2020-05-27T00:00:00Z,0,114306,5082,0,1111,159,0,1984,80,0,1111,159
2020-05-28T00:00:00Z,0,115833,5186,0,1527,104,0,1878,83,0,1527,104
2020-05-29T00:00:00Z,0,117455,5270,0,1622,84,0,1716,79,0,1622,84
2020-05-30T00:00:00Z,0,118917,5330,0,1462,60,0,1589,77,0,1462,60
2020-05-31T00:00:00Z,0,120260,5389,0,1343,59,0,1422,77,0,1343,59
2020-06-01T00:00:00Z,0,121234,5412,0,974,23,0,1317,75,0,974,23
2020-06-02T00:00:00Z,0,122848,5524,0,1614,112,0,1379,86,0,1614,112
2020-06-03T00:00:00Z,0,123830,5620,0,982,96,0,1361,77,0,982,96
2020-06-04T00:00:00Z,0,124759,5736,0,929,116,0,1275,79,0,929,116
2020-06-05T00:00:00Z,0,125915,5792,0,1156,56,0,1209,75,0,1156,56
2020-06-06T00:00:00Z,0,126890,5861,0,975,69,0,1139,76,0,975,69
2020-06-07T00:00:00Z,0,127757,5901,0,867,40,0,1071,73,0,867,40
2020-06-08T00:00:00Z,0,128415,5923,0,658,22,0,1026,73,0,658,22
2020-06-09T00:00:00Z,0,129212,6017,0,797,94,0,909,70,0,797,94
2020-06-10T00:00:00Z,0,129837,6094,0,625,77,0,858,68,0,625,77
2020-06-11T00:00:00Z,0,130603,6183,0,766,89,0,835,64,0,766,89
2020-06-12T00:00:00Z,0,131198,6260,0,595,77,0,755,67,0,595,77
2020-06-13T00:00:00Z,0,131871,6289,0,673,29,0,712,61,0,673,29
2020-06-14T00:00:00Z,0,132543,6307,0,672,18,0,684,58,0,672,18
2020-06-15T00:00:00Z,0,133016,6326,0,473,19,0,657,58,0,473,19
2020-06-16T00:00:00Z,0,133639,6398,0,623,72,0,632,54,0,623,72
2020-06-17T00:00:00Z,0,134185,6482,0,546,84,0,621,55,0,546,84
2020-06-18T00:00:00Z,0,134778,6536,0,593,54,0,596,50,0,593,54
2020-06-19T00:00:00Z,0,135470,6580,0,692,44,0,610,46,0,692,44
2020-06-20T00:00:00Z,0,136104,6624,0,634,44,0,605,48,0,634,44
2020-06-21T00:00:00Z,0,136762,6645,0,658,21,0,603,48,0,658,21
2020-06-22T00:00:00Z,0,137224,6669,0,462,24,0,601,49,0,462,24
2020-06-23T00:00:00Z,0,137825,6706,0,601,37,0,598,44,0,601,37
2020-06-24T00:00:00Z,0,138540,6769,0,715,63,0,622,41,0,715,63
2020-06-25T00:00:00Z,0,139434,6808,0,894,39,0,665,39,0,894,39
2020-06-26T00:00:00Z,0,140291,6847,0,857,39,0,689,38,0,857,39
2020-06-27T00:00:00Z,0,141077,6873,0,786,26,0,710,36,0,786,26
2020-06-28T00:00:00Z,0,141723,6888,0,646,15,0,709,35,0,646,15
2020-06-29T00:00:00Z,0,142461,6900,0,738,12,0,748,33,0,738,12
2020-06-30T00:00:00Z,0,143185,6921,0,724,21,0,766,31,0,724,21
2020-07-01T00:00:00Z,0,144013,6951,0,828,30,0,782,26,0,828,30
2020-07-02T00:00:00Z,0,144882,6987,0,869,36,0,778,26,0,869,36
2020-07-03T00:00:00Z,0,145750,7004,0,868,17,0,780,22,0,868,17
2020-07-04T00:00:00Z,0,146612,7014,0,862,10,0,791,20,0,862,10
2020-07-05T00:00:00Z,0,147251,7020,0,639,6,0,790,19,0,639,6
2020-07-06T00:00:00Z,0,147865,7026,0,614,6,0,772,18,0,614,6
2020-07-07T00:00:00Z,0,148452,7063,0,587,37,0,752,20,0,587,37
2020-07-08T00:00:00Z,0,149432,7099,0,980,36,0,774,21,0,980,36
2020-07-09T00:00:00Z,0,150450,7119,0,1018,20,0,795,19,0,1018,20
2020-07-10T00:00:00Z,0,151767,7144,0,1317,25,0,860,20,0,1317,25
2020-07-11T00:00:00Z,0,152962,7167,0,1195,23,0,907,22,0,1195,23
2020-07-12T00:00:00Z,0,153916,7187,0,954,20,0,952,24,0,954,20
2020-07-13T00:00:00Z,0,154799,7193,0,883,6,0,991,24,0,883,6
2020-07-14T00:00:00Z,0,155506,7218,0,707,25,0,1008,22,0,707,25
2020-07-15T00:00:00Z,0,156693,7226,0,1187,8,0,1037,18,0,1187,8
2020-07-16T00:00:00Z,0,157950,7250,0,1257,24,0,1071,19,0,1257,24
2020-07-17T00:00:00Z,0,159334,7272,0,1384,22,0,1081,18,0,1384,22
2020-07-18T00:00:00Z,0,160610,7289,0,1276,17,0,1093,17,0,1276,17
2020-07-19T00:00:00Z,0,161575,7295,0,965,6,0,1094,15,0,965,6
2020-07-20T00:00:00Z,0,162748,7301,0,1173,6,0,1136,15,0,1173,6
2020-07-21T00:00:00Z,0,163703,7324,0,955,23,0,1171,15,0,955,23
2020-07-22T00:00:00Z,0,165301,7347,0,1598,23,0,1230,17,0,1598,23
2020-07-23T00:00:00Z,0,166925,7366,0,1624,19,0,1282,17,0,1624,19
2020-07-24T00:00:00Z,0,168457,7385,0,1532,19,0,1303,16,0,1532,19
2020-07-25T00:00:00Z,0,169883,7397,0,1426,12,0,1325,15,0,1426,12
2020-07-26T00:00:00Z,0,171424,7398,0,1541,1,0,1407,15,0,1541,1
2020-07-27T00:00:00Z,0,172655,7416,0,1231,18,0,1415,16,0,1231,18
2020-07-28T00:00:00Z,0,173731,7446,0,1076,30,0,1433,17,0,1076,30
2020-07-29T00:00:00Z,0,175124,7460,0,1393,14,0,1403,16,0,1393,14
2020-07-30T00:00:00Z,0,176896,7474,0,1772,14,0,1424,15,0,1772,14
2020-07-31T00:00:00Z,0,178837,7495,0,1941,21,0,1483,16,0,1941,21
2020-08-01T00:00:00Z,0,180476,7503,0,1639,8,0,1513,15,0,1639,8
2020-08-02T00:00:00Z,0,181943,7516,0,1467,13,0,1503,17,0,1467,13
2020-08-03T00:00:00Z,0,183241,7526,0,1298,10,0,1512,16,0,1298,10
2020-08-04T00:00:00Z,0,184712,7543,0,1471,17,0,1569,14,0,1471,17
2020-08-05T00:00:00Z,0,186471,7573,0,1759,30,0,1621,16,0,1759,30
2020-08-06T00:00:00Z,0,188424,7592,0,1953,19,0,1647,17,0,1953,19
2020-08-07T00:00:00Z,0,190508,7613,0,2084,21,0,1667,17,0,2084,21
2020-08-08T00:00:00Z,0,192698,7628,0,2190,15,0,1746,18,0,2190,15
2020-08-09T00:00:00Z,0,194080,7636,0,1382,8,0,1734,17,0,1382,8
2020-08-10T00:00:00Z,0,195399,7637,0,1319,1,0,1737,16,0,1319,1
2020-08-11T00:00:00Z,0,196948,7656,0,1549,19,0,1748,16,0,1549,19
2020-08-12T00:00:00Z,0,198593,7672,0,1645,16,0,1732,14,0,1645,16
2020-08-13T00:00:00Z,0,200427,7696,0,1834,24,0,1715,15,0,1834,24
2020-08-14T00:00:00Z,0,202691,7721,0,2264,25,0,1740,15,0,2264,25
2020-08-15T00:00:00Z,0,204519,7726,0,1828,5,0,1689,14,0,1828,5
2020-08-16T00:00:00Z,0,206081,7744,0,1562,18,0,1714,15,0,1562,18
2020-08-17T00:00:00Z,0,207854,7756,0,1773,12,0,1779,17,0,1773,12
2020-08-18T00:00:00Z,0,209594,7781,0,1740,25,0,1807,18,0,1740,25
2020-08-19T00:00:00Z,0,211889,7806,0,2295,25,0,1899,19,0,2295,25
2020-08-20T00:00:00Z,0,213721,7833,0,1832,27,0,1899,20,0,1832,27
2020-08-21T00:00:00Z,0,215929,7857,0,2208,24,0,1891,19,0,2208,24
2020-08-22T00:00:00Z,0,218285,7874,0,2356,17,0,1967,21,0,2356,17
2020-08-23T00:00:00Z,0,220178,7880,0,1893,6,0,2014,19,0,1893,6
2020-08-24T00:00:00Z,0,221790,7888,0,1612,8,0,1991,19,0,1612,8
2020-08-25T00:00:00Z,0,223470,7917,0,1680,29,0,1982,19,0,1680,29
2020-08-26T00:00:00Z,0,225627,7953,0,2157,36,0,1963,21,0,2157,36
2020-08-27T00:00:00Z,0,227334,7977,0,1707,24,0,1945,21,0,1707,24
2020-08-28T00:00:00Z,0,229483,7997,0,2149,20,0,1936,20,0,2149,20
2020-08-29T00:00:00Z,0,231363,8008,0,1880,11,0,1868,19,0,1880,11
2020-08-30T00:00:00Z,0,233355,8019,0,1992,11,0,1882,20,0,1992,11
2020-08-31T00:00:00Z,0,235023,8025,0,1668,6,0,1890,20,0,1668,6
2020-09-01T00:00:00Z,0,236515,8064,0,1492,39,0,1864,21,0,1492,39
2020-09-02T00:00:00Z,0,238643,8090,0,2128,26,0,1859,20,0,2128,26
2020-09-03T00:00:00Z,0,240003,8114,0,1360,24,0,1810,20,0,1360,24
2020-09-04T00:00:00Z,0,245371,8143,0,5368,29,0,2270,21,0,5368,29
2020-09-05T00:00:00Z,0,248177,8166,0,2806,23,0,2402,23,0,2806,23
2020-09-06T00:00:00Z,0,249580,8171,0,1403,5,0,2318,22,0,1403,5
2020-09-07T00:00:00Z,0,250961,8179,0,1381,8,0,2277,22,0,1381,8
2020-09-08T00:00:00Z,0,252353,8184,0,1392,5,0,2263,17,0,1392,5
2020-09-09T00:00:00Z,0,253690,8214,0,1337,30,0,2150,18,0,1337,30
2020-09-10T00:00:00Z,0,255643,8241,0,1953,27,0,2234,18,0,1953,27
2020-09-11T00:00:00Z,0,257788,8273,0,2145,32,0,1774,19,0,2145,32
2020-09-12T00:00:00Z,0,259909,8295,0,2121,22,0,1676,18,0,2121,22
2020-09-13T00:00:00Z,0,261371,8309,0,1462,14,0,1684,20,0,1462,14
2020-09-14T00:00:00Z,0,262744,8312,0,1373,3,0,1683,19,0,1373,3
2020-09-15T00:00:00Z,0,264210,8332,0,1466,20,0,1694,21,0,1466,20
2020-09-16T00:00:00Z,0,266151,8367,0,1941,35,0,1780,22,0,1941,35
2020-09-17T00:00:00Z,0,268207,8391,0,2056,24,0,1795,21,0,2056,24
2020-09-18T00:00:00Z,0,270327,8411,0,2120,20,0,1791,20,0,2120,20
2020-09-19T00:00:00Z,0,272856,8436,0,2529,25,0,1850,20,0,2529,25
2020-09-20T00:00:00Z,0,274258,8450,0,1402,14,0,1841,20,0,1402,14
2020-09-21T00:00:00Z,0,275735,8456,0,1477,6,0,1856,21,0,1477,6
2020-09-22T00:00:00Z,0,277266,8486,0,1531,30,0,1865,22,0,1531,30
2020-09-23T00:00:00Z,0,279114,8508,0,1848,22,0,1852,20,0,1848,22
2020-09-24T00:00:00Z,0,281371,8538,0,2257,30,0,1881,21,0,2257,30
2020-09-25T00:00:00Z,0,283885,8563,0,2514,25,0,1937,22,0,2514,25
2020-09-26T00:00:00Z,0,286326,8587,0,2441,24,0,1924,22,0,2441,24
2020-09-27T00:00:00Z,0,287930,8601,0,1604,14,0,1953,22,0,1604,14
2020-09-28T00:00:00Z,0,289639,8614,0,1709,13,0,1986,23,0,1709,13
2020-09-29T00:00:00Z,0,291001,8637,0,1362,23,0,1962,22,0,1362,23
2020-09-30T00:00:00Z,0,293274,8671,0,2273,34,0,2023,23,0,2273,34
2020-10-01T00:00:00Z,0,295440,8696,0,2166,25,0,2010,23,0,2166,25
2020-10-02T00:00:00Z,0,297646,8743,0,2206,47,0,1966,26,0,2206,47
2020-10-03T00:00:00Z,0,300088,8774,0,2442,31,0,1966,27,0,2442,31
2020-10-04T00:00:00Z,0,301541,8791,0,1453,17,0,1944,27,0,1453,17
2020-10-05T00:00:00Z,0,303394,8804,0,1853,13,0,1965,27,0,1853,13
2020-10-06T00:00:00Z,0,305011,8836,0,1617,32,0,2001,28,0,1617,32
2020-10-07T00:00:00Z,0,307641,8878,0,2630,42,0,2052,30,0,2630,42
2020-10-08T00:00:00Z,0,310700,8910,0,3059,32,0,2180,31,0,3059,32
2020-10-09T00:00:00Z,0,313518,8944,0,2818,34,0,2267,29,0,2818,34
2020-10-10T00:00:00Z,0,316423,8975,0,2905,31,0,2334,29,0,2905,31
2020-10-11T00:00:00Z,0,319150,8984,0,2727,9,0,2516,28,0,2727,9
2020-10-12T00:00:00Z,0,321892,8997,0,2742,13,0,2643,28,0,2742,13
2020-10-13T00:00:00Z,0,324743,9025,0,2851,28,0,2819,27,0,2851,28
2020-10-14T00:00:00Z,0,327605,9074,0,2862,49,0,2852,28,0,2862,49
2020-10-15T00:00:00Z,0,331620,9127,0,4015,53,0,2989,31,0,4015,53
2020-10-16T00:00:00Z,0,336174,9165,0,4554,38,0,3237,32,0,4554,38
2020-10-17T00:00:00Z,0,339803,9192,0,3629,27,0,3340,31,0,3629,27
2020-10-18T00:00:00Z,0,344048,9214,0,4245,22,0,3557,33,0,4245,22
2020-10-19T00:00:00Z,0,347161,9236,0,3113,22,0,3610,34,0,3113,22
2020-10-20T00:00:00Z,0,350875,9276,0,3714,40,0,3733,36,0,3714,40
2020-10-21T00:00:00Z,0,355217,9343,0,4342,67,0,3945,38,0,4342,67
2020-10-22T00:00:00Z,0,360159,9387,0,4942,44,0,4077,37,0,4942,44
2020-10-23T00:00:00Z,0,364033,9418,0,3874,31,0,3980,36,0,3874,31
2020-10-24T00:00:00Z,0,370194,9481,0,6161,63,0,4342,41,0,6161,63
2020-10-25T00:00:00Z,0,374256,9505,0,4062,24,0,4315,42,0,4062,24
2020-10-26T00:00:00Z,0,378985,9522,0,4729,17,0,4546,41,0,4729,17
2020-10-27T00:00:00Z,0,382985,9568,0,4000,46,0,4587,42,0,4000,46
2020-10-28T00:00:00Z,0,389095,9619,0,6110,51,0,4840,39,0,6110,51
2020-10-29T00:00:00Z,0,395458,9675,0,6363,56,0,5043,41,0,6363,56
2020-10-30T00:00:00Z,0,402401,9711,0,6943,36,0,5481,42,0,6943,36
2020-10-31T00:00:00Z,0,410300,9757,0,7899,46,0,5729,39,0,7899,46
2020-11-01T00:00:00Z,0,417280,9790,0,6980,33,0,6146,41,0,6980,33
2020-11-02T00:00:00Z,0,423502,9810,0,6222,20,0,6360,41,0,6222,20
2020-11-03T00:00:00Z,0,430018,9878,0,6516,68,0,6719,44,0,6516,68
2020-11-04T00:00:00Z,0,437556,9933,0,7538,55,0,6923,45,0,7538,55
2020-11-05T00:00:00Z,0,455164,10030,0,17608,97,0,8529,51,0,17608,97
2020-11-06T00:00:00Z,0,465540,10078,0,10376,48,0,9020,52,0,10376,48
2020-11-07T00:00:00Z,0,477978,10154,0,12438,76,0,9668,57,0,12438,76
2020-11-08T00:00:00Z,0,487987,10196,0,10009,42,0,10101,58,0,10009,42
2020-11-09T00:00:00Z,0,498560,10210,0,10573,14,0,10723,57,0,10573,14
2020-11-10T00:00:00Z,0,511183,10289,0,12623,79,0,11595,59,0,12623,79
2020-11-11T00:00:00Z,0,523840,10434,0,12657,145,0,12326,72,0,12657,145
2020-11-12T00:00:00Z,0,536542,10477,0,12702,43,0,11625,64,0,12702,43
2020-11-13T00:00:00Z,0,551957,10504,0,15415,27,0,12345,61,0,15415,27
2020-11-14T00:00:00Z,0,562985,10670,0,11028,166,0,12144,74,0,11028,166
2020-11-15T00:00:00Z,0,573616,10742,0,10631,72,0,12233,78,0,10631,72
2020-11-16T00:00:00Z,0,585248,10778,0,11632,36,0,12384,81,0,11632,36
2020-11-17T00:00:00Z,0,597849,10874,0,12601,96,0,12381,84,0,12601,96
2020-11-18T00:00:00Z,0,606771,11010,0,8922,136,0,11847,82,0,8922,136
2020-11-19T00:00:00Z,0,621383,11178,0,14612,168,0,12120,100,0,14612,168
2020-11-20T00:00:00Z,0,634395,11303,0,13012,125,0,11777,114,0,13012,125
2020-11-21T00:00:00Z,0,646286,11430,0,11891,127,0,11900,109,0,11891,127
2020-11-22T00:00:00Z,0,656298,11505,0,10012,75,0,11812,109,0,10012,75
2020-11-23T00:00:00Z,0,664620,11552,0,8322,47,0,11339,111,0,8322,47
2020-11-24T00:00:00Z,0,674089,11677,0,9469,125,0,10891,115,0,9469,125
2020-11-25T00:00:00Z,0,685467,11832,0,11378,155,0,11242,117,0,11378,155
2020-11-26T00:00:00Z,0,697489,11963,0,12022,131,0,10872,112,0,12022,131
2020-11-27T00:00:00Z,0,705063,12029,0,7574,66,0,10095,104,0,7574,66
2020-11-28T00:00:00Z,0,712936,12136,0,7873,107,0,9521,101,0,7873,107
2020-11-29T00:00:00Z,0,720114,12193,0,7178,57,0,9117,98,0,7178,57
2020-11-30T00:00:00Z,0,726304,12278,0,6190,85,0,8812,104,0,6190,85
2020-12-01T00:00:00Z,0,738846,12401,0,12542,123,0,9251,103,0,12542,123
2020-12-02T00:00:00Z,0,748603,12639,0,9757,238,0,9019,115,0,9757,238
2020-12-03T00:00:00Z,0,759562,12826,0,10959,187,0,8868,123,0,10959,187
2020-12-04T00:00:00Z,0,770088,12971,0,10526,145,0,9289,135,0,10526,145
2020-12-05T00:00:00Z,0,779975,13179,0,9887,208,0,9577,149,0,9887,208
2020-12-06T00:00:00Z,0,787573,13253,0,7598,74,0,9637,151,0,7598,74
2020-12-07T00:00:00Z,0,796264,13342,0,8691,89,0,9994,152,0,8691,89
2020-12-08T00:00:00Z,0,804174,13487,0,7910,145,0,9333,155,0,7910,145
2020-12-09T00:00:00Z,0,812430,13665,0,8256,178,0,9118,147,0,8256,178
2020-12-10T00:00:00Z,0,823531,13860,0,11101,195,0,9138,148,0,11101,195
2020-12-11T00:00:00Z,0,832951,14049,0,9420,189,0,8980,154,0,9420,189
2020-12-12T00:00:00Z,0,841688,14176,0,8737,127,0,8816,142,0,8737,127
2020-12-13T00:00:00Z,0,848904,14291,0,7216,115,0,8762,148,0,7216,115
2020-12-14T00:00:00Z,0,856118,14392,0,7214,101,0,8551,150,0,7214,101
2020-12-15T00:00:00Z,0,863477,14509,0,7359,117,0,8472,146,0,7359,117
2020-12-16T00:00:00Z,0,870600,14654,0,7123,145,0,8310,141,0,7123,145
2020-12-17T00:00:00Z,0,879428,14834,0,8828,180,0,7985,139,0,8828,180
2020-12-18T00:00:00Z,0,886805,15015,0,7377,181,0,7693,138,0,7377,181
2020-12-19T00:00:00Z,0,894367,15123,0,7562,108,0,7526,135,0,7562,108
2020-12-20T00:00:00Z,0,900370,15201,0,6003,78,0,7352,130,0,6003,78
2020-12-21T00:00:00Z,0,905069,15298,0,4699,97,0,6993,129,0,4699,97
2020-12-22T00:00:00Z,0,911308,15412,0,6239,114,0,6833,129,0,6239,114
2020-12-23T00:00:00Z,0,918070,15547,0,6762,135,0,6781,128,0,6762,135
2020-12-24T00:00:00Z,0,925107,15643,0,7037,96,0,6526,116,0,7037,96
2020-12-25T00:00:00Z,0,930849,15799,0,5742,156,0,6292,112,0,5742,156
2020-12-26T00:00:00Z,0,934142,15865,0,3293,66,0,5682,106,0,3293,66
2020-12-27T00:00:00Z,0,937909,15969,0,3767,104,0,5363,110,0,3767,104
2020-12-28T00:00:00Z,0,942362,16073,0,4453,104,0,5328,111,0,4453,104
2020-12-29T00:00:00Z,0,948006,16179,0,5644,106,0,5243,110,0,5644,106
2020-12-30T00:00:00Z,0,955380,16357,0,7374,178,0,5330,116,0,7374,178
2020-12-31T00:00:00Z,0,963389,16490,0,8009,133,0,5469,121,0,8009,133
2021-01-01T00:00:00Z,0,970590,16645,0,7201,155,0,5677,121,0,7201,155
2021-01-02T00:00:00Z,0,975352,16674,0,4762,29,0,5887,116,0,4762,29
2021-01-03T00:00:00Z,0,979821,16755,0,4469,81,0,5987,112,0,4469,81
2021-01-04T00:00:00Z,0,984880,16833,0,5059,78,0,6074,109,0,5059,78
2021-01-05T00:00:00Z,0,991719,16957,0,6839,124,0,6245,111,0,6839,124
2021-01-06T00:00:00Z,0,999288,17095,0,7569,138,0,6273,105,0,7569,138
2021-01-07T00:00:00Z,0,1008045,17269,0,8757,174,0,6379,111,0,8757,174
2021-01-08T00:00:00Z,0,1017322,17393,0,9277,124,0,6676,107,0,9277,124
2021-01-09T00:00:00Z,0,1024039,17493,0,6717,100,0,6955,117,0,6717,100
2021-01-10T00:00:00Z,0,1028750,17574,0,4711,81,0,6990,117,0,4711,81
2021-01-11T00:00:00Z,0,1033526,17626,0,4776,52,0,6949,113,0,4776,52
2021-01-12T00:00:00Z,0,1040168,17743,0,6642,117,0,6921,112,0,6642,117
2021-01-13T00:00:00Z,0,1046030,17840,0,5862,97,0,6677,106,0,5862,97
2021-01-14T00:00:00Z,0,1052682,17926,0,6652,86,0,6377,94,0,6652,86
2021-01-15T00:00:00Z,0,1059324,18049,0,6642,123,0,6000,94,0,6642,123
2021-01-16T00:00:00Z,0,1064667,18179,0,5343,130,0,5804,98,0,5343,130
2021-01-17T00:00:00Z,0,1068829,18208,0,4162,29,0,5726,91,0,4162,29
2021-01-18T00:00:00Z,0,1072214,18258,0,3385,50,0,5527,90,0,3385,50
2021-01-19T00:00:00Z,0,1076532,18291,0,4318,33,0,5195,78,0,4318,33
2021-01-20T00:00:00Z,0,1081354,18397,0,4822,106,0,5046,80,0,4822,106
2021-01-21T00:00:00Z,0,1086333,18520,0,4979,123,0,4807,85,0,4979,123
2021-01-22T00:00:00Z,0,1093375,18614,0,7042,94,0,4864,81,0,7042,94
2021-01-23T00:00:00Z,0,1098527,18710,0,5152,96,0,4837,76,0,5152,96
2021-01-24T00:00:00Z,0,1101819,18749,0,3292,39,0,4713,77,0,3292,39
2021-01-25T00:00:00Z,0,1104763,18796,0,2944,47,0,4650,77,0,2944,47
2021-01-26T00:00:00Z,0,1108430,18883,0,3667,87,0,4557,85,0,3667,87
2021-01-27T00:00:00Z,0,1112181,18964,0,3751,81,0,4404,81,0,3751,81
2021-01-28T00:00:00Z,0,1116372,19067,0,4191,103,0,4291,78,0,4191,103
2021-01-29T00:00:00Z,0,1120528,19138,0,4156,71,0,3879,75,0,4156,71
2021-01-30T00:00:00Z,0,1123873,19203,0,3345,65,0,3621,70,0,3345,65
2021-01-31T00:00:00Z,0,1126301,19243,0,2428,40,0,3497,71,0,2428,40
2021-02-01T00:00:00Z,0,1128613,19259,0,2312,16,0,3407,66,0,2312,16
2021-02-02T00:00:00Z,0,1130917,19306,0,2304,47,0,3212,60,0,2304,47
2021-02-03T00:00:00Z,0,1134231,19375,0,3314,69,0,3150,59,0,3314,69
2021-02-04T00:00:00Z,0,1137559,19443,0,3328,68,0,3027,54,0,3328,68
2021-02-05T00:00:00Z,0,1141219,19525,0,3660,82,0,2956,55,0,3660,82
2021-02-06T00:00:00Z,0,1144281,19585,0,3062,60,0,2915,55,0,3062,60
2021-02-07T00:00:00Z,0,1146341,19633,0,2060,48,0,2863,56,0,2060,48
2021-02-08T00:00:00Z,0,1148088,19666,0,1747,33,0,2782,58,0,1747,33
2021-02-09T00:00:00Z,0,1150170,19686,0,2082,20,0,2750,54,0,2082,20
2021-02-10T00:00:00Z,0,1152995,19739,0,2825,53,0,2681,52,0,2825,53
2021-02-11T00:00:00Z,0,1155833,19841,0,2838,102,0,2611,57,0,2838,102
2021-02-12T00:00:00Z,0,1158431,19873,0,2598,32,0,2459,50,0,2598,32
2021-02-13T00:00:00Z,0,1160523,19926,0,2092,53,0,2320,49,0,2092,53
2021-02-14T00:00:00Z,0,1162154,19961,0,1631,35,0,2259,47,0,1631,35
2021-02-15T00:00:00Z,0,1163574,20002,0,1420,41,0,2212,48,0,1420,41
2021-02-16T00:00:00Z,0,1164922,20033,0,1348,31,0,2107,50,0,1348,31
2021-02-17T00:00:00Z,0,1166717,20057,0,1795,24,0,1960,45,0,1795,24
2021-02-18T00:00:00Z,0,1168683,20129,0,1966,72,0,1836,41,0,1966,72
2021-02-19T00:00:00Z,0,1170902,20192,0,2219,63,0,1782,46,0,2219,63
2021-02-20T00:00:00Z,0,1172824,20234,0,1922,42,0,1757,44,0,1922,42
2021-02-21T00:00:00Z,0,1174409,20269,0,1585,35,0,1751,44,0,1585,35
2021-02-22T00:00:00Z,0,1175655,20303,0,1246,34,0,1726,43,0,1246,34
2021-02-23T00:00:00Z,0,1177320,20330,0,1665,27,0,1771,42,0,1665,27
2021-02-24T00:00:00Z,0,1179342,20374,0,2022,44,0,1804,45,0,2022,44
2021-02-25T00:00:00Z,0,1181226,20405,0,1884,31,0,1792,39,0,1884,31
2021-02-26T00:00:00Z,0,1183667,20460,0,2441,55,0,1824,38,0,2441,55
2021-02-27T00:00:00Z,0,1185447,20494,0,1780,34,0,1803,37,0,1780,34
2021-02-28T00:00:00Z,0,1186696,20516,0,1249,22,0,1755,35,0,1249,22
2021-03-01T00:00:00Z,0,1187839,20536,0,1143,20,0,1741,33,0,1143,20
2021-03-02T00:00:00Z,0,1189416,20582,0,1577,46,0,1728,36,0,1577,46
2021-03-03T00:00:00Z,0,1191520,20626,0,2104,44,0,1740,36,0,2104,44
2021-03-04T00:00:00Z,0,1193260,20667,0,1740,41,0,1719,37,0,1740,41
2021-03-05T00:00:00Z,0,1194702,20700,0,1442,33,0,1576,34,0,1442,33
2021-03-06T00:00:00Z,0,1197267,20749,0,2565,49,0,1689,36,0,2565,49
2021-03-07T00:00:00Z,0,1198335,20762,0,1068,13,0,1663,35,0,1068,13
2021-03-08T00:00:00Z,0,1199517,20765,0,1182,3,0,1668,33,0,1182,3
2021-03-09T00:00:00Z,0,1201027,20780,0,1510,15,0,1659,28,0,1510,15
2021-03-10T00:00:00Z,0,1202709,20808,0,1682,28,0,1598,26,0,1682,28
2021-03-11T00:00:00Z,0,1204409,20862,0,1700,54,0,1593,28,0,1700,54
2021-03-12T00:00:00Z,0,1206172,20901,0,1763,39,0,1639,29,0,1763,39
2021-03-13T00:00:00Z,0,1207847,20924,0,1675,23,0,1511,25,0,1675,23
2021-03-14T00:00:00Z,0,1209331,20943,0,1484,19,0,1571,26,0,1484,19
2021-03-15T00:00:00Z,0,1210113,20954,0,782,11,0,1514,27,0,782,11
2021-03-16T00:00:00Z,0,1212110,20971,0,1997,17,0,1583,27,0,1997,17
2021-03-17T00:00:00Z,0,1213765,20988,0,1655,17,0,1579,26,0,1655,17
2021-03-18T00:00:00Z,0,1216090,21022,0,2325,34,0,1669,23,0,2325,34
2021-03-19T00:00:00Z,0,1218470,21034,0,2380,12,0,1757,19,0,2380,12
2021-03-20T00:00:00Z,0,1220432,21059,0,1962,25,0,1798,19,0,1962,25
2021-03-21T00:00:00Z,0,1221863,21081,0,1431,22,0,1790,20,0,1431,22
2021-03-22T00:00:00Z,0,1223083,21103,0,1220,22,0,1853,21,0,1220,22
2021-03-23T00:00:00Z,0,1224915,21116,0,1832,13,0,1829,21,0,1832,13
2021-03-24T00:00:00Z,0,1227708,21136,0,2793,20,0,1992,21,0,2793,20
2021-03-25T00:00:00Z,0,1229898,21170,0,2190,34,0,1973,21,0,2190,34
2021-03-26T00:00:00Z,0,1232900,21203,0,3002,33,0,2061,24,0,3002,33
2021-03-27T00:00:00Z,0,1235578,21228,0,2678,25,0,2164,24,0,2678,25
2021-03-28T00:00:00Z,0,1237828,21251,0,2250,23,0,2281,24,0,2250,23
2021-03-29T00:00:00Z,0,1239589,21256,0,1761,5,0,2358,22,0,1761,5
2021-03-30T00:00:00Z,0,1241993,21273,0,2404,17,0,2440,22,0,2404,17
2021-03-31T00:00:00Z,0,1244585,21301,0,2592,28,0,2411,24,0,2592,28
2021-04-01T00:00:00Z,0,1248111,21325,0,3526,24,0,2602,22,0,3526,24
2021-04-02T00:00:00Z,0,1251346,21348,0,3235,23,0,2635,21,0,3235,23
2021-04-03T00:00:00Z,0,1254185,21359,0,2839,11,0,2658,19,0,2839,11
2021-04-04T00:00:00Z,0,1256634,21373,0,2449,14,0,2687,17,0,2449,14
2021-04-05T00:00:00Z,0,1258736,21382,0,2102,9,0,2735,18,0,2102,9
2021-04-06T00:00:00Z,0,1261667,21395,0,2931,13,0,2811,17,0,2931,13
2021-04-07T00:00:00Z,0,1265457,21423,0,3790,28,0,2982,17,0,3790,28
2021-04-08T00:00:00Z,0,1269196,21455,0,3739,32,0,3012,19,0,3739,32
2021-04-09T00:00:00Z,0,1273200,21476,0,4004,21,0,3122,18,0,4004,21
2021-04-10T00:00:00Z,0,1276830,21489,0,3630,13,0,3235,19,0,3630,13
2021-04-11T00:00:00Z,0,1279772,21505,0,2942,16,0,3305,19,0,2942,16
2021-04-12T00:00:00Z,0,1282205,21523,0,2433,18,0,3353,20,0,2433,18
2021-04-13T00:00:00Z,0,1285398,21539,0,3193,16,0,3390,21,0,3193,16
2021-04-14T00:00:00Z,0,1288934,21569,0,3536,30,0,3354,21,0,3536,30
2021-04-15T00:00:00Z,0,1292515,21609,0,3581,40,0,3331,22,0,3581,40
2021-04-16T00:00:00Z,0,1296381,21630,0,3866,21,0,3312,22,0,3866,21
2021-04-17T00:00:00Z,0,1299575,21653,0,3194,23,0,3249,23,0,3194,23
2021-04-18T00:00:00Z,0,1302241,21663,0,2666,10,0,3210,23,0,2666,10
2021-04-19T00:00:00Z,0,1304200,21685,0,1959,22,0,3142,23,0,1959,22
2021-04-20T00:00:00Z,0,1306787,21694,0,2587,9,0,3056,22,0,2587,9
2021-04-21T00:00:00Z,0,1309552,21722,0,2765,28,0,2945,22,0,2765,28
2021-04-22T00:00:00Z,0,1312722,21755,0,3170,33,0,2887,21,0,3170,33
2021-04-23T00:00:00Z,0,1316091,21777,0,3369,22,0,2816,21,0,3369,22
2021-04-24T00:00:00Z,0,1318998,21802,0,2907,25,0,2775,21,0,2907,25
2021-04-25T00:00:00Z,0,1321033,21826,0,2035,24,0,2685,23,0,2035,24
2021-04-26T00:00:00Z,0,1323170,21835,0,2137,9,0,2710,21,0,2137,9
2021-04-27T00:00:00Z,0,1325726,21858,0,2556,23,0,2706,23,0,2556,23
2021-04-28T00:00:00Z,0,1328454,21889,0,2728,31,0,2700,24,0,2728,31
2021-04-29T00:00:00Z,0,1331848,21927,0,3394,38,0,2732,25,0,3394,38
2021-04-30T00:00:00Z,0,1335055,21960,0,3207,33,0,2709,26,0,3207,33
2021-05-01T00:00:00Z,0,1337868,21992,0,2813,32,0,2696,27,0,2813,32
2021-05-02T00:00:00Z,0,1339728,22019,0,1860,27,0,2671,28,0,1860,27
2021-05-03T00:00:00Z,0,1341777,22047,0,2049,28,0,2658,30,0,2049,28
2021-05-04T00:00:00Z,0,1343988,22066,0,2211,19,0,2609,30,0,2211,19
2021-05-05T00:00:00Z,0,1346398,22096,0,2410,30,0,2563,30,0,2410,30
2021-05-06T00:00:00Z,0,1348176,22135,0,1778,39,0,2333,30,0,1778,39
2021-05-07T00:00:00Z,0,1351497,22171,0,3321,36,0,2349,30,0,3321,36
2021-05-08T00:00:00Z,0,1353226,22193,0,1729,22,0,2194,29,0,1729,22
2021-05-09T00:00:00Z,0,1354967,22223,0,1741,30,0,2177,29,0,1741,30
2021-05-10T00:00:00Z,0,1356391,22235,0,1424,12,0,2088,27,0,1424,12
2021-05-11T00:00:00Z,0,1357953,22259,0,1562,24,0,1995,28,0,1562,24
2021-05-12T00:00:00Z,0,1359748,22285,0,1795,26,0,1907,27,0,1795,26
2021-05-13T00:00:00Z,0,1361666,22320,0,1918,35,0,1927,26,0,1918,35
2021-05-14T00:00:00Z,0,1363507,22368,0,1841,48,0,1716,28,0,1841,48
2021-05-15T00:00:00Z,0,1365020,22415,0,1513,47,0,1685,32,0,1513,47
2021-05-16T00:00:00Z,0,1366268,22439,0,1248,24,0,1614,31,0,1248,24
2021-05-17T00:00:00Z,0,1367214,22445,0,946,6,0,1546,30,0,946,6
2021-05-18T00:00:00Z,0,1368709,22466,0,1495,21,0,1537,30,0,1495,21
2021-05-19T00:00:00Z,0,1370342,22494,0,1633,28,0,1513,30,0,1633,28
2021-05-20T00:00:00Z,0,1371884,22535,0,1542,41,0,1460,31,0,1542,41
2021-05-21T00:00:00Z,0,1373457,22556,0,1573,21,0,1421,27,0,1573,21
2021-05-22T00:00:00Z,0,1374565,22599,0,1108,43,0,1364,26,0,1108,43
2021-05-23T00:00:00Z,0,1375508,22623,0,943,24,0,1320,26,0,943,24
2021-05-24T00:00:00Z,0,1376441,22633,0,933,10,0,1318,27,0,933,10
2021-05-25T00:00:00Z,0,1377249,22649,0,808,16,0,1220,26,0,808,16
2021-05-26T00:00:00Z,0,1378388,22676,0,1139,27,0,1149,26,0,1139,27
2021-05-27T00:00:00Z,0,1379279,22718,0,891,42,0,1056,26,0,891,42
2021-05-28T00:00:00Z,0,1380261,22739,0,982,21,0,972,26,0,982,21
2021-05-29T00:00:00Z,0,1381063,22776,0,802,37,0,928,25,0,802,37
2021-05-30T00:00:00Z,0,1381665,22794,0,602,18,0,880,24,0,602,18
2021-05-31T00:00:00Z,0,1382186,22827,0,521,33,0,821,28,0,521,33
2021-06-01T00:00:00Z,0,1382587,22833,0,401,6,0,763,26,0,401,6
2021-06-02T00:00:00Z,0,1383065,22841,0,478,8,0,668,24,0,478,8
2021-06-03T00:00:00Z,0,1383739,22865,0,674,24,0,637,21,0,674,24
2021-06-04T00:00:00Z,0,1384365,22880,0,626,15,0,586,20,0,626,15
2021-06-05T00:00:00Z,0,1384903,22912,0,538,32,0,549,19,0,538,32
2021-06-06T00:00:00Z,0,1385245,22949,0,342,37,0,511,22,0,342,37
2021-06-07T00:00:00Z,0,1385489,22963,0,244,14,0,472,19,0,244,14
2021-06-08T00:00:00Z,0,1385854,22974,0,365,11,0,467,20,0,365,11
2021-06-09T00:00:00Z,0,1386262,22996,0,408,22,0,457,22,0,408,22
2021-06-10T00:00:00Z,0,1386628,23013,0,366,17,0,413,21,0,366,17
2021-06-11T00:00:00Z,0,1387029,23035,0,401,22,0,381,22,0,401,22
2021-06-12T00:00:00Z,0,1387297,23050,0,268,15,0,342,20,0,268,15
2021-06-13T00:00:00Z,0,1387595,23061,0,298,11,0,336,16,0,298,11
2021-06-14T00:00:00Z,0,1387760,23068,0,165,7,0,324,15,0,165,7
2021-06-15T00:00:00Z,0,1387986,23083,0,226,15,0,305,16,0,226,15
2021-06-16T00:00:00Z,0,1388338,23104,0,352,21,0,297,15,0,352,21
2021-06-17T00:00:00Z,0,1388586,23120,0,248,16,0,280,15,0,248,16
2021-06-18T00:00:00Z,0,1388688,23133,0,102,13,0,237,14,0,102,13
2021-06-19T00:00:00Z,0,1389054,23143,0,366,10,0,251,13,0,366,10
2021-06-20T00:00:00Z,0,1389258,23155,0,204,12,0,238,13,0,204,12
2021-06-21T00:00:00Z,0,1389443,23159,0,185,4,0,240,13,0,185,4
2021-06-22T00:00:00Z,0,1389634,23165,0,191,6,0,235,12,0,191,6
2021-06-23T00:00:00Z,0,1389892,23173,0,258,8,0,222,10,0,258,8
2021-06-24T00:00:00Z,0,1390140,23191,0,248,18,0,222,10,0,248,18
2021-06-25T00:00:00Z,0,1390432,23199,0,292,8,0,249,9,0,292,8
2021-06-26T00:00:00Z,0,1390731,23207,0,299,8,0,240,9,0,299,8
2021-06-27T00:00:00Z,0,1390908,23214,0,177,7,0,236,8,0,177,7
2021-06-28T00:00:00Z,0,1391179,23217,0,271,3,0,248,8,0,271,3
2021-06-29T00:00:00Z,0,1391480,23221,0,301,4,0,264,8,0,301,4
2021-06-30T00:00:00Z,0,1391739,23225,0,259,4,0,264,7,0,259,4
2021-07-01T00:00:00Z,0,1392196,23235,0,457,10,0,294,6,0,457,10
2021-07-02T00:00:00Z,0,1392552,23245,0,356,10,0,303,7,0,356,10
2021-07-03T00:00:00Z,0,1392971,23252,0,419,7,0,320,6,0,419,7
2021-07-04T00:00:00Z,0,1393055,23256,0,84,4,0,307,6,0,84,4
2021-07-05T00:00:00Z,0,1393172,23256,0,117,0,0,285,6,0,117,0
2021-07-06T00:00:00Z,0,1393773,23272,0,601,16,0,328,7,0,601,16
2021-07-07T00:00:00Z,0,1394235,23278,0,462,6,0,357,8,0,462,6
2021-07-08T00:00:00Z,0,1394852,23289,0,617,11,0,379,8,0,617,11
2021-07-09T00:00:00Z,0,1395497,23297,0,645,8,0,421,7,0,645,8
2021-07-10T00:00:00Z,0,1396103,23309,0,606,12,0,447,8,0,606,12
2021-07-11T00:00:00Z,0,1396629,23321,0,526,12,0,511,9,0,526,12
2021-07-12T00:00:00Z,0,1397089,23324,0,460,3,0,560,10,0,460,3
2021-07-13T00:00:00Z,0,1397667,23336,0,578,12,0,556,9,0,578,12
2021-07-14T00:00:00Z,0,1398409,23343,0,742,7,0,596,9,0,742,7
2021-07-15T00:00:00Z,0,1399270,23349,0,861,6,0,631,9,0,861,6
2021-07-16T00:00:00Z,0,1399946,23357,0,676,8,0,636,9,0,676,8
2021-07-17T00:00:00Z,0,1400942,23369,0,996,12,0,691,9,0,996,12
2021-07-18T00:00:00Z,0,1402093,23373,0,1151,4,0,781,7,0,1151,4
2021-07-19T00:00:00Z,0,1402763,23377,0,670,4,0,811,8,0,670,4
2021-07-20T00:00:00Z,0,1403508,23382,0,745,5,0,834,7,0,745,5
2021-07-21T00:00:00Z,0,1404466,23392,0,958,10,0,865,7,0,958,10
2021-07-22T00:00:00Z,0,1406459,23397,0,1993,5,0,1027,7,0,1993,5
2021-07-23T00:00:00Z,0,1407929,23401,0,1470,4,0,1140,6,0,1470,4
2021-07-24T00:00:00Z,0,1409313,23404,0,1384,3,0,1196,5,0,1384,3
2021-07-25T00:00:00Z,0,1410733,23405,0,1420,1,0,1234,5,0,1420,1
2021-07-26T00:00:00Z,0,1411821,23409,0,1088,4,0,1294,5,0,1088,4
2021-07-27T00:00:00Z,0,1413490,23414,0,1669,5,0,1426,5,0,1669,5
2021-07-28T00:00:00Z,0,1415572,23420,0,2082,6,0,1587,4,0,2082,6
2021-07-29T00:00:00Z,0,1417263,23432,0,1691,12,0,1543,5,0,1691,12
2021-07-30T00:00:00Z,0,1419611,23440,0,2348,8,0,1669,6,0,2348,8
2021-07-31T00:00:00Z,0,1421791,23447,0,2180,7,0,1783,6,0,2180,7
2021-08-01T00:00:00Z,0,1423532,23448,0,1741,1,0,1828,6,0,1741,1
2021-08-02T00:00:00Z,0,1425219,23450,0,1687,2,0,1914,6,0,1687,2
2021-08-03T00:00:00Z,0,1427901,23458,0,2682,8,0,2059,6,0,2682,8
2021-08-04T00:00:00Z,0,1430265,23476,0,2364,18,0,2099,8,0,2364,18
2021-08-05T00:00:00Z,0,1433313,23490,0,3048,14,0,2293,8,0,3048,14
2021-08-06T00:00:00Z,0,1436353,23503,0,3040,13,0,2392,9,0,3040,13
2021-08-07T00:00:00Z,0,1439387,23516,0,3034,13,0,2514,10,0,3034,13
2021-08-08T00:00:00Z,0,1441646,23526,0,2259,10,0,2588,11,0,2259,10
2021-08-09T00:00:00Z,0,1444211,23532,0,2565,6,0,2713,12,0,2565,6
2021-08-10T00:00:00Z,0,1447161,23542,0,2950,10,0,2751,12,0,2950,10
2021-08-11T00:00:00Z,0,1451094,23551,0,3933,9,0,2976,11,0,3933,9
2021-08-12T00:00:00Z,0,1454208,23574,0,3114,23,0,2985,12,0,3114,23
2021-08-13T00:00:00Z,0,1457687,23594,0,3479,20,0,3048,13,0,3479,20
2021-08-14T00:00:00Z,0,1461719,23611,0,4032,17,0,3190,14,0,4032,17
2021-08-15T00:00:00Z,0,1464350,23620,0,2631,9,0,3243,13,0,2631,9
2021-08-16T00:00:00Z,0,1466813,23623,0,2463,3,0,3229,13,0,2463,3
2021-08-17T00:00:00Z,0,1470452,23639,0,3639,16,0,3327,14,0,3639,16
2021-08-18T00:00:00Z,0,1474285,23685,0,3833,46,0,3313,19,0,3833,46
2021-08-19T00:00:00Z,0,1477465,23699,0,3180,14,0,3322,18,0,3180,14
2021-08-20T00:00:00Z,0,1482369,23717,0,4904,18,0,3526,18,0,4904,18
2021-08-21T00:00:00Z,0,1486572,23733,0,4203,16,0,3550,17,0,4203,16
2021-08-22T00:00:00Z,0,1488579,23753,0,2007,20,0,3461,19,0,2007,20
2021-08-23T00:00:00Z,0,1491582,23761,0,3003,8,0,3538,20,0,3003,8
2021-08-24T00:00:00Z,0,1494571,23776,0,2989,15,0,3446,20,0,2989,15
2021-08-25T00:00:00Z,0,1499022,23815,0,4451,39,0,3534,19,0,4451,39
2021-08-26T00:00:00Z,0,1503063,23875,0,4041,60,0,3657,25,0,4041,60
2021-08-27T00:00:00Z,0,1508005,23889,0,4942,14,0,3662,25,0,4942,14
2021-08-28T00:00:00Z,0,1511399,23911,0,3394,22,0,3547,25,0,3394,22
2021-08-29T00:00:00Z,0,1515676,23923,0,4277,12,0,3871,24,0,4277,12
2021-08-30T00:00:00Z,0,1518071,23927,0,2395,4,0,3784,24,0,2395,4
2021-08-31T00:00:00Z,0,1522942,23953,0,4871,26,0,4053,25,0,4871,26
2021-09-01T00:00:00Z,0,1528120,23979,0,5178,26,0,4157,23,0,5178,26
2021-09-02T00:00:00Z,0,1532344,24030,0,4224,51,0,4183,22,0,4224,51
2021-09-03T00:00:00Z,0,1538324,24067,0,5980,37,0,4331,25,0,5980,37
2021-09-04T00:00:00Z,0,1542477,24091,0,4153,24,0,4440,26,0,4153,24
2021-09-05T00:00:00Z,0,1545339,24111,0,2862,20,0,4238,27,0,2862,20
2021-09-06T00:00:00Z,0,1547787,24124,0,2448,13,0,4245,28,0,2448,13
2021-09-07T00:00:00Z,0,1550375,24132,0,2588,8,0,3919,26,0,2588,8
2021-09-08T00:00:00Z,0,1554336,24193,0,3961,61,0,3745,31,0,3961,61
2021-09-09T00:00:00Z,0,1559077,24214,0,4741,21,0,3819,26,0,4741,21
2021-09-10T00:00:00Z,0,1564386,24261,0,5309,47,0,3723,28,0,5309,47
2021-09-11T00:00:00Z,0,1569014,24332,0,4628,71,0,3791,34,0,4628,71
2021-09-12T00:00:00Z,0,1571847,24363,0,2833,31,0,3787,36,0,2833,31
2021-09-13T00:00:00Z,0,1573538,24367,0,1691,4,0,3679,35,0,1691,4
2021-09-14T00:00:00Z,0,1578198,24407,0,4660,40,0,3975,39,0,4660,40
2021-09-15T00:00:00Z,0,1582392,24451,0,4194,44,0,4008,37,0,4194,44
2021-09-16T00:00:00Z,0,1586741,24492,0,4349,41,0,3952,40,0,4349,41
2021-09-17T00:00:00Z,0,1590342,24546,0,3601,54,0,3708,41,0,3601,54
2021-09-18T00:00:00Z,0,1593918,24591,0,3576,45,0,3558,37,0,3576,45
2021-09-19T00:00:00Z,0,1596559,24623,0,2641,32,0,3530,37,0,2641,32
2021-09-20T00:00:00Z,0,1598757,24638,0,2198,15,0,3603,39,0,2198,15
2021-09-21T00:00:00Z,0,1601759,24660,0,3002,22,0,3366,36,0,3002,22
2021-09-22T00:00:00Z,0,1605320,24699,0,3561,39,0,3275,35,0,3561,39
2021-09-23T00:00:00Z,0,1608825,24743,0,3505,44,0,3155,36,0,3505,44
2021-09-24T00:00:00Z,0,1612129,24783,0,3304,40,0,3112,34,0,3304,40
2021-09-25T00:00:00Z,0,1614629,24835,0,2500,52,0,2959,35,0,2500,52
2021-09-26T00:00:00Z,0,1616771,24855,0,2142,20,0,2887,33,0,2142,20
2021-09-27T00:00:00Z,0,1618800,24859,0,2029,4,0,2863,32,0,2029,4
2021-09-28T00:00:00Z,0,1621175,24892,0,2375,33,0,2774,33,0,2375,33
2021-09-29T00:00:00Z,0,1624164,24934,0,2989,42,0,2692,34,0,2989,42
2021-09-30T00:00:00Z,0,1627508,24976,0,3344,42,0,2669,33,0,3344,42
2021-10-01T00:00:00Z,0,1630864,25017,0,3356,41,0,2676,33,0,3356,41
2021-10-02T00:00:00Z,0,1634130,25050,0,3266,33,0,2786,31,0,3266,33
2021-10-03T00:00:00Z,0,1636181,25064,0,2051,14,0,2773,30,0,2051,14
2021-10-04T00:00:00Z,0,1638003,25075,0,1822,11,0,2743,31,0,1822,11
2021-10-05T00:00:00Z,0,1641061,25099,0,3058,24,0,2841,30,0,3058,24
2021-10-06T00:00:00Z,0,1643993,25153,0,2932,54,0,2833,31,0,2932,54
2021-10-07T00:00:00Z,0,1647364,25189,0,3371,36,0,2837,30,0,3371,36
2021-10-08T00:00:00Z,0,1650108,25224,0,2744,35,0,2749,30,0,2744,35
2021-10-09T00:00:00Z,0,1651542,25255,0,1434,31,0,2487,29,0,1434,31
2021-10-10T00:00:00Z,0,1654260,25271,0,2718,16,0,2583,30,0,2718,16
2021-10-11T00:00:00Z,0,1656043,25276,0,1783,5,0,2577,29,0,1783,5
2021-10-12T00:00:00Z,0,1657970,25288,0,1927,12,0,2416,27,0,1927,12
2021-10-13T00:00:00Z,0,1660883,25326,0,2913,38,0,2413,25,0,2913,38
2021-10-14T00:00:00Z,0,1663364,25377,0,2481,51,0,2286,27,0,2481,51
2021-10-15T00:00:00Z,0,1665777,25407,0,2413,30,0,2238,26,0,2413,30
2021-10-16T00:00:00Z,0,1668397,25443,0,2620,36,0,2408,27,0,2620,36
2021-10-17T00:00:00Z,0,1669948,25462,0,1551,19,0,2241,27,0,1551,19
2021-10-18T00:00:00Z,0,1671275,25470,0,1327,8,0,2176,28,0,1327,8
2021-10-19T00:00:00Z,0,1673346,25491,0,2071,21,0,2197,29,0,2071,21
2021-10-20T00:00:00Z,0,1675793,25527,0,2447,36,0,2130,29,0,2447,36
2021-10-21T00:00:00Z,0,1677939,25563,0,2146,36,0,2082,27,0,2146,36
2021-10-22T00:00:00Z,0,1680908,25590,0,2969,27,0,2162,26,0,2969,27
2021-10-23T00:00:00Z,0,1682984,25627,0,2076,37,0,2084,26,0,2076,37
2021-10-24T00:00:00Z,0,1684483,25640,0,1499,13,0,2076,25,0,1499,13
2021-10-25T00:00:00Z,0,1686048,25648,0,1565,8,0,2110,25,0,1565,8
2021-10-26T00:00:00Z,0,1688261,25681,0,2213,33,0,2131,27,0,2213,33
2021-10-27T00:00:00Z,0,1690274,25706,0,2013,25,0,2069,26,0,2013,25
2021-10-28T00:00:00Z,0,1692875,25749,0,2601,43,0,2134,27,0,2601,43
2021-10-29T00:00:00Z,0,1695524,25771,0,2649,22,0,2088,26,0,2649,22
2021-10-30T00:00:00Z,0,1698278,25806,0,2754,35,0,2185,26,0,2754,35
2021-10-31T00:00:00Z,0,1700064,25819,0,1786,13,0,2226,26,0,1786,13
2021-11-01T00:00:00Z,0,1701649,25833,0,1585,14,0,2229,26,0,1585,14
2021-11-02T00:00:00Z,0,1704031,25857,0,2382,24,0,2253,25,0,2382,24
2021-11-03T00:00:00Z,0,1705777,25897,0,1746,40,0,2215,27,0,1746,40
2021-11-04T00:00:00Z,0,1710044,25925,0,4267,28,0,2453,25,0,4267,28
2021-11-05T00:00:00Z,0,1712986,25948,0,2942,23,0,2495,25,0,2942,23
2021-11-06T00:00:00Z,0,1715950,25965,0,2964,17,0,2525,23,0,2964,17
2021-11-07T00:00:00Z,0,1718285,25978,0,2335,13,0,2603,23,0,2335,13
2021-11-08T00:00:00Z,0,1720345,25986,0,2060,8,0,2671,22,0,2060,8
2021-11-09T00:00:00Z,0,1722590,26008,0,2245,22,0,2651,22,0,2245,22
2021-11-10T00:00:00Z,0,1727634,26028,0,5044,20,0,3122,19,0,5044,20
2021-11-11T00:00:00Z,0,1731778,26056,0,4144,28,0,3105,19,0,4144,28
2021-11-12T00:00:00Z,0,1735586,26077,0,3808,21,0,3229,18,0,3808,21
2021-11-13T00:00:00Z,0,1738884,26093,0,3298,16,0,3276,18,0,3298,16
2021-11-14T00:00:00Z,0,1742151,26104,0,3267,11,0,3409,18,0,3267,11
2021-11-15T00:00:00Z,0,1744508,26117,0,2357,13,0,3452,19,0,2357,13
2021-11-16T00:00:00Z,0,1747513,26137,0,3005,20,0,3560,18,0,3005,20
2021-11-17T00:00:00Z,0,1752502,26160,0,4989,23,0,3553,19,0,4989,23
2021-11-18T00:00:00Z,0,1758146,26190,0,5644,30,0,3767,19,0,5644,30
2021-11-19T00:00:00Z,0,1763866,26227,0,5720,37,0,4040,21,0,5720,37
2021-11-20T00:00:00Z,0,1768485,26256,0,4619,29,0,4229,23,0,4619,29
2021-11-21T00:00:00Z,0,1770548,26268,0,2063,12,0,4057,23,0,2063,12
2021-11-22T00:00:00Z,0,1775253,26277,0,4705,9,0,4392,23,0,4705,9
2021-11-23T00:00:00Z,0,1779842,26294,0,4589,17,0,4618,22,0,4589,17
2021-11-24T00:00:00Z,0,1784900,26313,0,5058,19,0,4628,22,0,5058,19
2021-11-25T00:00:00Z,0,1790330,26343,0,5430,30,0,4598,22,0,5430,30
2021-11-26T00:00:00Z,0,1792517,26353,0,2187,10,0,4093,18,0,2187,10
2021-11-27T00:00:00Z,0,1796474,26372,0,3957,19,0,3998,17,0,3957,19
2021-11-28T00:00:00Z,0,1799571,26383,0,3097,11,0,4146,16,0,3097,11
2021-11-29T00:00:00Z,0,1804161,26391,0,4590,8,0,4130,16,0,4590,8
2021-11-30T00:00:00Z,0,1809875,26414,0,5714,23,0,4290,17,0,5714,23
2021-12-01T00:00:00Z,0,1815994,26459,0,6119,45,0,4442,21,0,6119,45
2021-12-02T00:00:00Z,0,1827518,26499,0,11524,40,0,5313,22,0,11524,40
2021-12-03T00:00:00Z,0,1835076,26535,0,7558,36,0,6080,26,0,7558,36
2021-12-04T00:00:00Z,0,1841450,26571,0,6374,36,0,6425,28,0,6374,36
2021-12-05T00:00:00Z,0,1845486,26606,0,4036,35,0,6559,32,0,4036,35
2021-12-06T00:00:00Z,0,1854186,26620,0,8700,14,0,7146,33,0,8700,14
2021-12-07T00:00:00Z,0,1861254,26698,0,7068,78,0,7340,41,0,7068,78
2021-12-08T00:00:00Z,0,1867912,26712,0,6658,14,0,7417,36,0,6658,14
2021-12-09T00:00:00Z,0,1877213,26766,0,9301,54,0,7099,38,0,9301,54
2021-12-10T00:00:00Z,0,1884744,26801,0,7531,35,0,7095,38,0,7531,35
2021-12-11T00:00:00Z,0,1894287,26854,0,9543,53,0,7548,40,0,9543,53
2021-12-12T00:00:00Z,0,1899698,26883,0,5411,29,0,7745,40,0,5411,29
2021-12-13T00:00:00Z,0,1904259,26906,0,4561,23,0,7153,41,0,4561,23
2021-12-14T00:00:00Z,0,1911649,26934,0,7390,28,0,7199,34,0,7390,28
2021-12-15T00:00:00Z,0,1921433,27013,0,9784,79,0,7646,43,0,9784,79
2021-12-16T00:00:00Z,0,1933291,27065,0,11858,52,0,8011,43,0,11858,52
2021-12-17T00:00:00Z,0,1944056,27117,0,10765,52,0,8473,45,0,10765,52
2021-12-18T00:00:00Z,0,1955482,27191,0,11426,74,0,8742,48,0,11426,74
2021-12-19T00:00:00Z,0,1963187,27217,0,7705,26,0,9070,48,0,7705,26
2021-12-20T00:00:00Z,0,1975515,27228,0,12328,11,0,10179,46,0,12328,11
2021-12-21T00:00:00Z,0,1985779,27291,0,10264,63,0,10590,51,0,10264,63
2021-12-22T00:00:00Z,0,2002360,27357,0,16581,66,0,11561,49,0,16581,66
2021-12-23T00:00:00Z,0,2021302,27435,0,18942,78,0,12573,53,0,18942,78
2021-12-24T00:00:00Z,0,2042433,27514,0,21131,79,0,14054,57,0,21131,79
2021-12-25T00:00:00Z,0,2056396,27549,0,13963,35,0,14416,51,0,13963,35
2021-12-26T00:00:00Z,0,2067412,27571,0,11016,22,0,14889,51,0,11016,22
2021-12-27T00:00:00Z,0,2077260,27588,0,9848,17,0,14535,51,0,9848,17
2021-12-28T00:00:00Z,0,2098064,27684,0,20804,96,0,16041,56,0,20804,96
2021-12-29T00:00:00Z,0,2119162,27734,0,21098,50,0,16686,54,0,21098,50
2021-12-30T00:00:00Z,0,2149548,27821,0,30386,87,0,18321,55,0,30386,87
2021-12-31T00:00:00Z,0,2181009,27917,0,31461,96,0,19797,58,0,31461,96
2022-01-01T00:00:00Z,0,2203307,27943,0,22298,26,0,20987,56,0,22298,26
2022-01-02T00:00:00Z,0,2217877,27968,0,14570,25,0,21495,57,0,14570,25
2022-01-03T00:00:00Z,0,2238743,27998,0,20866,30,0,23069,59,0,20866,30
2022-01-04T00:00:00Z,0,2263166,28077,0,24423,79,0,23586,56,0,24423,79
2022-01-05T00:00:00Z,0,2295445,28156,0,32279,79,0,25183,60,0,32279,79
2022-01-06T00:00:00Z,0,2339534,28260,0,44089,104,0,27141,63,0,44089,104
2022-01-07T00:00:00Z,0,2382437,28361,0,42903,101,0,28775,63,0,42903,101
2022-01-08T00:00:00Z,0,2411448,28459,0,29011,98,0,29734,74,0,29011,98
2022-01-09T00:00:00Z,0,2441033,28534,0,29585,75,0,31879,81,0,29585,75
2022-01-10T00:00:00Z,0,2460270,28568,0,19237,34,0,31647,81,0,19237,34
2022-01-11T00:00:00Z,0,2488380,28660,0,28110,92,0,32173,83,0,28110,92
2022-01-12T00:00:00Z,0,2522953,28804,0,34573,144,0,32501,93,0,34573,144
2022-01-13T00:00:00Z,0,2560001,28946,0,37048,142,0,31495,98,0,37048,142
2022-01-14T00:00:00Z,0,2589640,29099,0,29639,153,0,29600,105,0,29639,153
2022-01-15T00:00:00Z,0,2621274,29209,0,31634,110,0,29975,107,0,31634,110
2022-01-16T00:00:00Z,0,2642876,29272,0,21602,63,0,28835,105,0,21602,63
2022-01-17T00:00:00Z,0,2662500,29314,0,19624,42,0,28890,107,0,19624,42
2022-01-18T00:00:00Z,0,2682983,29350,0,20483,36,0,27800,99,0,20483,36
2022-01-19T00:00:00Z,0,2709474,29510,0,26491,160,0,26646,101,0,26491,160
2022-01-20T00:00:00Z,0,2732720,29708,0,23246,198,0,24674,109,0,23246,198
2022-01-21T00:00:00Z,0,2773362,29845,0,40642,137,0,26246,107,0,40642,137
2022-01-22T00:00:00Z,0,2814426,29977,0,41064,132,0,27593,110,0,41064,132
2022-01-23T00:00:00Z,0,2828399,30074,0,13973,97,0,26503,115,0,13973,97
2022-01-24T00:00:00Z,0,2837861,30155,0,9462,81,0,25052,120,0,9462,81
2022-01-25T00:00:00Z,0,2851567,30276,0,13706,121,0,24083,132,0,13706,121
2022-01-26T00:00:00Z,0,2867299,30419,0,15732,143,0,22546,130,0,15732,143
2022-01-27T00:00:00Z,0,2881721,30568,0,14422,149,0,21286,123,0,14422,149
2022-01-28T00:00:00Z,0,2897174,30688,0,15453,120,0,17687,120,0,15453,120
2022-01-29T00:00:00Z,0,2907003,30817,0,9829,129,0,13225,120,0,9829,129
2022-01-30T00:00:00Z,0,2914307,30885,0,7304,68,0,12273,116,0,7304,68
2022-01-31T00:00:00Z,0,2920971,30913,0,6664,28,0,11873,108,0,6664,28
2022-02-01T00:00:00Z,0,2929636,31036,0,8665,123,0,11153,109,0,8665,123
2022-02-02T00:00:00Z,0,2939099,31123,0,9463,87,0,10257,101,0,9463,87
2022-02-03T00:00:00Z,0,2947493,31234,0,8394,111,0,9396,95,0,8394,111
2022-02-04T00:00:00Z,0,2957563,31296,0,10070,62,0,8627,87,0,10070,62
2022-02-05T00:00:00Z,0,2963128,31385,0,5565,89,0,8018,81,0,5565,89
2022-02-06T00:00:00Z,0,2966815,31452,0,3687,67,0,7501,81,0,3687,67
2022-02-07T00:00:00Z,0,2971516,31483,0,4701,31,0,7221,81,0,4701,31
2022-02-08T00:00:00Z,0,2977341,31570,0,5825,87,0,6815,76,0,5825,87
2022-02-09T00:00:00Z,0,2982083,31679,0,4742,109,0,6141,79,0,4742,109
2022-02-10T00:00:00Z,0,2987502,31795,0,5419,116,0,5716,80,0,5419,116
2022-02-11T00:00:00Z,0,2992813,31882,0,5311,87,0,5036,84,0,5311,87
2022-02-12T00:00:00Z,0,2995970,31961,0,3157,79,0,4692,82,0,3157,79
2022-02-13T00:00:00Z,0,2999037,32011,0,3067,50,0,4603,80,0,3067,50
2022-02-14T00:00:00Z,0,3001771,32019,0,2734,8,0,4322,77,0,2734,8
2022-02-15T00:00:00Z,0,3004664,32072,0,2893,53,0,3903,72,0,2893,53
2022-02-16T00:00:00Z,0,3007987,32176,0,3323,104,0,3701,71,0,3323,104
2022-02-17T00:00:00Z,0,3010525,32249,0,2538,73,0,3289,65,0,2538,73
2022-02-18T00:00:00Z,0,3013709,32299,0,3184,50,0,2985,60,0,3184,50
2022-02-19T00:00:00Z,0,3015572,32371,0,1863,72,0,2800,59,0,1863,72
2022-02-20T00:00:00Z,0,3017014,32389,0,1442,18,0,2568,54,0,1442,18
2022-02-21T00:00:00Z,0,3018402,32406,0,1388,17,0,2376,55,0,1388,17
2022-02-22T00:00:00Z,0,3019951,32431,0,1549,25,0,2184,51,0,1549,25
2022-02-23T00:00:00Z,0,3022684,32517,0,2733,86,0,2100,49,0,2733,86
2022-02-24T00:00:00Z,0,3024663,32580,0,1979,63,0,2020,47,0,1979,63
2022-02-25T00:00:00Z,0,3026737,32654,0,2074,74,0,1861,51,0,2074,74
2022-02-26T00:00:00Z,0,3029245,32724,0,2508,70,0,1953,50,0,2508,70
2022-02-27T00:00:00Z,0,3030061,32751,0,816,27,0,1864,52,0,816,27
2022-02-28T00:00:00Z,0,3031220,32763,0,1159,12,0,1831,51,0,1159,12
2022-03-01T00:00:00Z,0,3033061,32803,0,1841,40,0,1873,53,0,1841,40
2022-03-02T00:00:00Z,0,3034701,32848,0,1640,45,0,1717,47,0,1640,45
2022-03-03T00:00:00Z,0,3035870,32886,0,1169,38,0,1601,44,0,1169,38
2022-03-04T00:00:00Z,0,3037199,32926,0,1329,40,0,1495,39,0,1329,40
2022-03-05T00:00:00Z,0,3038301,32956,0,1102,30,0,1294,33,0,1102,30
2022-03-06T00:00:00Z,0,3039071,32956,0,770,0,0,1287,29,0,770,0
2022-03-07T00:00:00Z,0,3039806,32956,0,735,0,0,1227,28,0,735,0
2022-03-08T00:00:00Z,0,3040861,32978,0,1055,22,0,1114,25,0,1055,22
2022-03-09T00:00:00Z,0,3042495,33010,0,1634,32,0,1113,23,0,1634,32
2022-03-10T00:00:00Z,0,3043893,33052,0,1398,42,0,1146,24,0,1398,42
2022-03-11T00:00:00Z,0,3045718,33075,0,1825,23,0,1217,21,0,1825,23
2022-03-12T00:00:00Z,0,3046824,33107,0,1106,32,0,1218,22,0,1106,32
2022-03-13T00:00:00Z,0,3047345,33107,0,521,0,0,1182,22,0,521,0
2022-03-14T00:00:00Z,0,3048042,33107,0,697,0,0,1177,22,0,697,0
2022-03-15T00:00:00Z,0,3049616,33139,0,1574,32,0,1251,23,0,1574,32
2022-03-16T00:00:00Z,0,3050647,33164,0,1031,25,0,1165,22,0,1031,25
2022-03-17T00:00:00Z,0,3051797,33180,0,1150,16,0,1129,18,0,1150,16
2022-03-18T00:00:00Z,0,3053185,33198,0,1388,18,0,1067,18,0,1388,18
2022-03-19T00:00:00Z,0,3054364,33216,0,1179,18,0,1077,16,0,1179,18
2022-03-20T00:00:00Z,0,3054883,33216,0,519,0,0,1077,16,0,519,0
2022-03-21T00:00:00Z,0,3055636,33216,0,753,0,0,1085,16,0,753,0
2022-03-22T00:00:00Z,0,3057078,33260,0,1442,44,0,1066,17,0,1442,44
2022-03-23T00:00:00Z,0,3058192,33278,0,1114,18,0,1078,16,0,1114,18
2022-03-24T00:00:00Z,0,3059915,33293,0,1723,15,0,1160,16,0,1723,15
2022-03-25T00:00:00Z,0,3061224,33307,0,1309,14,0,1148,16,0,1309,14
2022-03-26T00:00:00Z,0,3062372,33328,0,1148,21,0,1144,16,0,1148,21
2022-03-27T00:00:00Z,0,3062987,33328,0,615,0,0,1158,16,0,615,0
2022-03-28T00:00:00Z,0,3063735,33328,0,748,0,0,1157,16,0,748,0
2022-03-29T00:00:00Z,0,3065321,33348,0,1586,20,0,1178,13,0,1586,20
2022-03-30T00:00:00Z,0,3066645,33358,0,1324,10,0,1208,11,0,1324,10
2022-03-31T00:00:00Z,0,3068237,33377,0,1592,19,0,1189,12,0,1592,19
2022-04-01T00:00:00Z,0,3069650,33394,0,1413,17,0,1204,12,0,1413,17
2022-04-02T00:00:00Z,0,3070976,33400,0,1326,6,0,1229,10,0,1326,6
2022-04-03T00:00:00Z,0,3071880,33400,0,904,0,0,1270,10,0,904,0
2022-04-04T00:00:00Z,0,3072636,33400,0,756,0,0,1272,10,0,756,0
2022-04-05T00:00:00Z,0,3074434,33434,0,1798,34,0,1302,12,0,1798,34
2022-04-06T00:00:00Z,0,3076628,33443,0,2194,9,0,1426,12,0,2194,9
2022-04-07T00:00:00Z,0,3078124,33454,0,1496,11,0,1412,11,0,1496,11
2022-04-08T00:00:00Z,0,3080436,33465,0,2312,11,0,1541,10,0,2312,11
2022-04-09T00:00:00Z,0,3082230,33478,0,1794,13,0,1608,11,0,1794,13
2022-04-10T00:00:00Z,0,3083441,33478,0,1211,0,0,1652,11,0,1211,0
2022-04-11T00:00:00Z,0,3084904,33478,0,1463,0,0,1753,11,0,1463,0
2022-04-12T00:00:00Z,0,3086665,33489,0,1761,11,0,1747,8,0,1761,11
2022-04-13T00:00:00Z,0,3088725,33499,0,2060,10,0,1728,8,0,2060,10
2022-04-14T00:00:00Z,0,3092065,33504,0,3340,5,0,1992,7,0,3340,5
2022-04-15T00:00:00Z,0,3094485,33510,0,2420,6,0,2007,6,0,2420,6
2022-04-16T00:00:00Z,0,3097457,33517,0,2972,7,0,2175,6,0,2972,7
2022-04-17T00:00:00Z,0,3098937,33517,0,1480,0,0,2214,6,0,1480,0
2022-04-18T00:00:00Z,0,3100240,33517,0,1303,0,0,2191,6,0,1303,0
2022-04-19T00:00:00Z,0,3102711,33537,0,2471,20,0,2292,7,0,2471,20
2022-04-20T00:00:00Z,0,3106642,33546,0,3931,9,0,2560,7,0,3931,9
2022-04-21T00:00:00Z,0,3110229,33559,0,3587,13,0,2595,8,0,3587,13
2022-04-22T00:00:00Z,0,3114036,33568,0,3807,9,0,2793,8,0,3807,9
2022-04-23T00:00:00Z,0,3116931,33581,0,2895,13,0,2782,9,0,2895,13
2022-04-24T00:00:00Z,0,3119072,33581,0,2141,0,0,2876,9,0,2141,0
2022-04-25T00:00:00Z,0,3122191,33581,0,3119,0,0,3136,9,0,3119,0
2022-04-26T00:00:00Z,0,3124700,33584,0,2509,3,0,3141,7,0,2509,3
2022-04-27T00:00:00Z,0,3128134,33592,0,3434,8,0,3070,7,0,3434,8
2022-04-28T00:00:00Z,0,3132727,33599,0,4593,7,0,3214,6,0,4593,7
2022-04-29T00:00:00Z,0,3138682,33614,0,5955,15,0,3521,7,0,5955,15
2022-04-30T00:00:00Z,0,3142341,33620,0,3659,6,0,3630,6,0,3659,6
2022-05-01T00:00:00Z,0,3145241,33620,0,2900,0,0,3738,6,0,2900,0
2022-05-02T00:00:00Z,0,3147663,33620,0,2422,0,0,3639,6,0,2422,0
2022-05-03T00:00:00Z,0,3151710,33629,0,4047,9,0,3859,6,0,4047,9
2022-05-04T00:00:00Z,0,3157458,33643,0,5748,14,0,4189,7,0,5748,14
2022-05-05T00:00:00Z,0,3161606,33653,0,4148,10,0,4126,8,0,4148,10
2022-05-06T00:00:00Z,0,3169315,33660,0,7709,7,0,4376,7,0,7709,7
2022-05-07T00:00:00Z,0,3175887,33669,0,6572,9,0,4792,7,0,6572,9
2022-05-08T00:00:00Z,0,3178997,33669,0,3110,0,0,4822,7,0,3110,0
2022-05-09T00:00:00Z,0,3183742,33669,0,4745,0,0,5154,7,0,4745,0
